host_unix_s,host_elapsed_s,mcu_timestamp_ms,mcu_elapsed_s,response_status,terminated,pendulum_angle_deg,pendulum_error_deg,pendulum_velocity_dps_est,rotor_angle_deg,rotor_velocity_dps_est,motor_speed_pps_observed,l6474_status_raw,command_id_sent,command_velocity_pps,manual_speed_setting_pps,key_left,key_right,emergency_stop
1788784954.4702537,0.01978439999948023,50441,0.0,0,False,359.7,-179.7,,0.0,,,-1,5,0.0,250.0,False,False,False
1788784954.4895859,0.03927309999926365,50462,0.021,0,False,359.7,-179.7,0.0,0.0,0.0,,-1,6,0.0,250.0,False,False,False
1788784954.510238,0.06036089999906835,50482,0.041,0,False,359.7,-179.7,0.0,0.0,0.0,,-1,6,0.0,250.0,False,False,False
1788784954.5308352,0.08014749999711057,50503,0.062,0,False,359.7,-179.7,0.0,0.0,0.0,,-1,6,0.0,250.0,False,False,False
1788784954.5524228,0.10187219999716035,50523,0.082,0,False,359.7,-179.7,0.0,0.0,0.0,,-1,6,0.0,250.0,False,False,False
1788784954.5723774,0.12244439999994938,50545,0.104,0,False,359.7,-179.7,0.0,0.0,0.0,,-1,6,0.0,250.0,False,False,False
1788784954.5917604,0.14122839999981807,50565,0.124,0,False,359.7,-179.7,0.0,0.0,0.0,,-1,6,0.0,250.0,False,False,False
1788784954.612424,0.16174259999752394,50585,0.144,0,False,359.7,-179.7,0.0,0.0,0.0,,-1,6,0.0,250.0,False,False,False
1788784954.6328804,0.18223869999928866,50606,0.165,0,False,359.7,-179.7,0.0,0.0,0.0,,-1,6,0.0,250.0,False,False,False
1788784954.6519773,0.20195519999833778,50626,0.185,0,False,359.7,-179.7,0.0,0.0,0.0,,-1,6,0.0,250.0,False,False,False
1788784954.6721492,0.22221709999939776,50646,0.205,0,False,359.7,-179.7,0.0,0.0,0.0,,-1,6,0.0,250.0,False,False,False
1788784954.6925516,0.2426056999975117,50667,0.226,0,False,359.7,-179.7,0.0,0.0,0.0,,-1,6,0.0,250.0,False,False,False
1788784954.7137403,0.26328989999819896,50687,0.246,0,False,359.7,-179.7,0.0,0.0,0.0,,-1,6,0.0,250.0,False,False,False
1788784954.7334096,0.28350139999747626,50708,0.267,0,False,359.7,-179.7,0.0,0.0,0.0,,-1,6,0.0,250.0,False,False,False
1788784954.7540462,0.30355539999800385,50728,0.287,0,False,359.7,-179.7,0.0,0.0,0.0,,-1,6,0.0,250.0,False,False,False
1788784954.7736573,0.32362929999726475,50748,0.307,0,False,359.7,-179.7,0.0,0.0,0.0,,-1,6,0.0,250.0,False,False,False
1788784954.7933543,0.3435098999980255,50769,0.328,0,False,359.7,-179.7,0.0,0.0,0.0,,-1,6,0.0,250.0,False,False,False
1788784954.8140767,0.3638649999993504,50789,0.348,0,False,359.7,-179.7,0.0,0.0,0.0,,-1,6,0.0,250.0,False,False,False
1788784954.8337133,0.38395239999954356,50809,0.368,0,False,359.7,-179.7,0.0,0.0,0.0,,-1,6,0.0,250.0,False,False,False
1788784954.853891,0.403722299997753,50829,0.388,0,False,359.7,-179.7,0.0,0.0,0.0,,-1,6,0.0,250.0,False,False,False
1788784954.874351,0.42428579999977956,50850,0.409,0,False,359.7,-179.7,0.0,0.0,0.0,,-1,6,0.0,250.0,False,False,False
1788784954.8958206,0.44540909999705036,50871,0.43,0,False,359.7,-179.7,0.0,0.0,0.0,,-1,6,0.0,250.0,False,False,False
1788784954.9155653,0.46504039999854285,50891,0.45,0,False,359.7,-179.7,0.0,0.0,0.0,,-1,6,0.0,250.0,False,False,False
1788784954.935357,0.48539249999885214,50911,0.47,0,False,359.7,-179.7,0.0,0.0,0.0,,-1,6,0.0,250.0,False,False,False
1788784954.9555147,0.5054857999966771,50932,0.491,0,False,359.7,-179.7,0.0,0.0,0.0,,-1,6,0.0,250.0,False,False,False
1788784954.9767544,0.5267642999970121,50952,0.511,0,False,359.7,-179.7,0.0,0.0,0.0,,-1,6,0.0,250.0,False,False,False
1788784954.9965265,0.545926499999041,50973,0.532,0,False,359.7,-179.7,0.0,0.0,0.0,,-1,6,0.0,250.0,False,False,False
1788784955.0174863,0.5671035999985179,50994,0.553,0,False,359.7,-179.7,0.0,0.0,0.0,,-1,6,0.0,250.0,False,False,False
1788784955.03873,0.5880430999968667,51014,0.573,0,False,359.7,-179.7,0.0,0.0,0.0,,-1,6,0.0,250.0,False,False,False
1788784955.057778,0.6075533999974141,51035,0.594,0,False,359.7,-179.7,0.0,0.0,0.0,,-1,6,0.0,250.0,False,False,False
1788784955.0777047,0.6279589999976452,51055,0.614,0,False,359.7,-179.7,0.0,0.0,0.0,,-1,6,0.0,250.0,False,False,False
1788784955.09931,0.6486629999999423,51076,0.635,0,False,359.7,-179.7,0.0,0.0,0.0,,-1,6,0.0,250.0,False,False,False
1788784955.1190279,0.6691825999987486,51096,0.655,0,False,359.7,-179.7,0.0,0.0,0.0,,-1,6,0.0,250.0,False,False,False
1788784955.1396542,0.6889842999989924,51116,0.675,0,False,359.7,-179.7,0.0,0.0,0.0,,-1,6,0.0,250.0,False,False,False
1788784955.159679,0.7093927999994776,51137,0.696,0,False,359.7,-179.7,0.0,0.0,0.0,,-1,6,0.0,250.0,False,False,False
1788784955.17995,0.7294971999981499,51157,0.716,0,False,359.7,-179.7,0.0,0.0,0.0,,-1,6,0.0,250.0,False,False,False
1788784955.199854,0.7495692999982566,51178,0.737,0,False,359.7,-179.7,0.0,0.0,0.0,,-1,6,0.0,250.0,False,False,False
1788784955.22051,0.7700835999967239,51198,0.757,0,False,359.7,-179.7,0.0,0.0,0.0,,-1,6,0.0,250.0,False,False,False
1788784955.241665,0.7922691999992821,51219,0.778,0,False,359.7,-179.7,0.0,0.0,0.0,,-1,6,0.0,250.0,False,False,False
1788784955.2612095,0.8109765999979572,51240,0.799,0,False,359.7,-179.7,0.0,0.0,0.0,,-1,6,0.0,250.0,False,False,False
1788784955.2806284,0.8313916999977664,51260,0.819,0,False,359.7,-179.7,0.0,0.0,0.0,,-1,6,0.0,250.0,False,False,False
1788784955.3024201,0.8524576999989222,51281,0.84,0,False,359.7,-179.7,0.0,0.0,0.0,,-1,6,0.0,250.0,False,False,False
1788784955.322301,0.8722458999982337,51301,0.86,0,False,359.7,-179.7,0.0,0.0,0.0,,-1,6,0.0,250.0,False,False,False
1788784955.3430567,0.8926587999994808,51322,0.881,0,False,359.7,-179.7,0.0,0.0,0.0,,-1,6,0.0,250.0,False,False,False
1788784955.364543,0.9142363999999361,51342,0.901,0,False,359.7,-179.7,0.0,0.0,0.0,,-1,6,0.0,250.0,False,False,False
1788784955.385067,0.9343778999973438,51363,0.922,0,False,359.7,-179.7,0.0,0.0,0.0,,-1,6,0.0,250.0,False,False,False
1788784955.4036708,0.9535055999986071,51383,0.942,0,False,359.7,-179.7,0.0,0.0,0.0,,-1,6,0.0,250.0,False,False,False
1788784955.4245522,0.9744699999973818,51404,0.963,0,False,359.7,-179.7,0.0,0.0,0.0,,-1,6,0.0,250.0,False,False,False
1788784955.4452052,0.9945655999981682,51424,0.983,0,False,359.7,-179.7,0.0,0.0,0.0,,-1,6,0.0,250.0,False,False,False
1788784955.4652095,1.0145398999993631,51445,1.004,0,False,359.7,-179.7,0.0,0.0,0.0,,-1,6,0.0,250.0,False,False,False
1788784955.4852285,1.0353578999965976,51465,1.024,0,False,359.7,-179.7,0.0,0.0,0.0,,-1,6,0.0,250.0,False,False,False
1788784955.5059276,1.0561017999971227,51486,1.045,0,False,359.7,-179.7,0.0,0.0,0.0,,-1,6,0.0,250.0,False,False,False
1788784955.5267608,1.0761982999974862,51506,1.065,0,False,359.7,-179.7,0.0,0.0,0.0,,-1,6,0.0,250.0,False,False,False
1788784955.5466547,1.0962686999992002,51527,1.086,0,False,359.7,-179.7,0.0,0.0,0.0,,-1,6,0.0,250.0,False,False,False
1788784955.5685613,1.1184831999999005,51547,1.106,0,False,359.7,-179.7,0.0,0.0,0.0,,-1,6,0.0,250.0,False,False,False
1788784955.5858827,1.1363898999989033,51568,1.127,0,False,359.7,-179.7,0.0,0.0,0.0,,-1,6,0.0,250.0,False,False,False
1788784955.6075146,1.1568536999984644,51588,1.147,0,False,359.7,-179.7,0.0,0.0,0.0,,-1,6,0.0,250.0,False,False,False
1788784955.628505,1.1782135999965249,51609,1.168,0,False,359.7,-179.7,0.0,0.0,0.0,,-1,6,0.0,250.0,False,False,False
1788784955.6485224,1.1986248999965028,51629,1.188,0,False,359.7,-179.7,0.0,0.0,0.0,,-1,6,0.0,250.0,False,False,False
1788784955.6685526,1.2188705999978993,51649,1.208,0,False,359.7,-179.7,0.0,0.0,0.0,,-1,6,0.0,250.0,False,False,False
1788784955.6889527,1.238585499999317,51670,1.229,0,False,359.7,-179.7,0.0,0.0,0.0,,-1,6,0.0,250.0,False,False,False
1788784955.7086415,1.2581480999979249,51690,1.249,0,False,359.7,-179.7,0.0,0.0,0.0,,-1,6,0.0,250.0,False,False,False
1788784955.7293537,1.2787398000000394,51711,1.27,0,False,359.7,-179.7,0.0,0.0,0.0,,-1,6,0.0,250.0,False,False,False
1788784955.750403,1.2999519999975746,51731,1.29,0,False,359.7,-179.7,0.0,0.0,0.0,,-1,6,0.0,250.0,False,False,False
1788784955.7720137,1.3213383999973303,51752,1.311,0,False,359.7,-179.7,0.0,0.0,0.0,,-1,6,0.0,250.0,False,False,False
1788784955.7901878,1.3404089999967255,51772,1.331,0,False,359.7,-179.7,0.0,0.0,0.0,,-1,6,0.0,250.0,False,False,False
1788784955.8107567,1.3606282999971882,51793,1.352,0,False,359.7,-179.7,0.0,0.0,0.0,,-1,6,0.0,250.0,False,False,False
1788784955.8320475,1.3819360999987111,51813,1.372,0,False,359.7,-179.7,0.0,0.0,0.0,,-1,6,0.0,250.0,False,False,False
1788784955.852357,1.402382199998101,51834,1.393,0,False,359.7,-179.7,0.0,0.0,0.0,,-1,6,0.0,250.0,False,False,False
1788784955.8718872,1.4221188999981678,51855,1.414,0,False,359.7,-179.7,0.0,0.0,0.0,,-1,6,0.0,250.0,False,False,False
1788784955.8933275,1.442950299999211,51876,1.435,0,False,359.7,-179.7,0.0,0.0,0.0,,-1,6,0.0,250.0,False,False,False
1788784955.912879,1.462585899997066,51896,1.455,0,False,359.7,-179.7,0.0,0.0,0.0,,-1,6,0.0,250.0,False,False,False
1788784955.9349244,1.484487599998829,51917,1.476,0,False,359.7,-179.7,0.0,0.0,0.0,,-1,6,0.0,250.0,False,False,False
1788784955.9554284,1.504793599997356,51938,1.497,0,False,359.7,-179.7,0.0,0.0,0.0,,-1,6,0.0,250.0,False,False,False
1788784955.9755914,1.525149799999781,51958,1.517,0,False,359.7,-179.7,0.0,0.0,0.0,,-1,6,0.0,250.0,False,False,False
1788784955.9959183,1.5455982999992557,51979,1.538,0,False,359.7,-179.7,0.0,0.0,0.0,,-1,6,0.0,250.0,False,False,False
1788784956.0163023,1.5656487999985984,51999,1.558,0,False,359.7,-179.7,0.0,0.0,0.0,,-1,6,0.0,250.0,False,False,False
1788784956.03798,1.5875555999991775,52020,1.579,0,False,359.7,-179.7,0.0,0.0,0.0,,-1,6,0.0,250.0,False,False,False
1788784956.0568345,1.6065338999978849,52040,1.599,0,False,359.7,-179.7,0.0,0.0,0.0,,-1,6,0.0,250.0,False,False,False
1788784956.0760074,1.6267114999973273,52061,1.62,0,False,359.7,-179.7,0.0,0.0,0.0,,-1,6,0.0,250.0,False,False,False
1788784956.0979583,1.6480562999968242,52081,1.64,0,False,359.7,-179.7,0.0,0.0,0.0,,-1,4,-250.0,250.0,True,False,False
1788784956.1176722,1.6676527999989048,52102,1.661,0,False,359.7,-179.7,0.0,0.0,0.0,,-1,6,-250.0,250.0,True,False,False
1788784956.1377902,1.687469799999235,52122,1.681,0,False,359.7,-179.7,0.0,0.0,0.0,,-1,6,-250.0,250.0,True,False,False
1788784956.1575687,1.7070908999994572,52142,1.701,0,False,359.7,-179.7,0.0,0.0,0.0,,-1,6,-250.0,250.0,True,False,False
1788784956.1778097,1.727236199996696,52163,1.722,0,False,359.7,-179.7,0.0,0.0,0.0,,-1,6,-250.0,250.0,True,False,False
1788784956.1979392,1.7481350999987626,52183,1.742,0,False,359.7,-179.7,0.0,0.0,0.0,,-1,6,-250.0,250.0,True,False,False
1788784956.219687,1.7690961999978754,52204,1.763,0,False,359.7,-179.7,0.0,0.0,0.0,,-1,6,-250.0,250.0,True,False,False
1788784956.2389462,1.7885602999995172,52224,1.783,0,False,359.7,-179.7,0.0,0.0,0.0,,-1,6,-250.0,250.0,True,False,False
1788784956.2588358,1.8084074999969744,52245,1.804,0,False,359.7,-179.7,0.0,0.0,0.0,,-1,5,0.0,250.0,False,False,False
1788784956.2790198,1.8293002999998862,52265,1.824,0,False,359.7,-179.7,0.0,0.0,0.0,,-1,6,0.0,250.0,False,False,False
1788784956.2998524,1.8494637999974657,52286,1.845,0,False,359.7,-179.7,0.0,0.0,0.0,,-1,6,0.0,250.0,False,False,False
1788784956.3201056,1.8701859999964654,52306,1.865,0,False,359.7,-179.7,0.0,0.0,0.0,,-1,6,0.0,250.0,False,False,False
1788784956.3410115,1.8904196999974374,52327,1.886,0,False,359.7,-179.7,0.0,0.0,0.0,,-1,6,0.0,250.0,False,False,False
1788784956.362624,1.9119399999981397,52347,1.906,0,False,359.7,-179.7,0.0,0.0,0.0,,-1,6,0.0,250.0,False,False,False
1788784956.3813047,1.930653599996731,52368,1.927,0,False,359.7,-179.7,0.0,0.0,0.0,,-1,6,0.0,250.0,False,False,False
1788784956.4022205,1.9520990999990318,52388,1.947,0,False,359.7,-179.7,0.0,0.0,0.0,,-1,6,0.0,250.0,False,False,False
1788784956.4224682,1.971939699997165,52409,1.968,0,False,359.7,-179.7,0.0,0.0,0.0,,-1,6,0.0,250.0,False,False,False
1788784956.4423492,1.9923383999994257,52430,1.989,0,False,359.7,-179.7,0.0,0.0,0.0,,-1,6,0.0,250.0,False,False,False
1788784956.4631896,2.012855999997555,52450,2.009,0,False,359.7,-179.7,0.0,0.0,0.0,,-1,6,0.0,250.0,False,False,False
1788784956.4842207,2.034177899997303,52471,2.03,0,False,359.7,-179.7,0.0,0.0,0.0,,-1,6,0.0,250.0,False,False,False
1788784956.5044065,2.053845899998123,52491,2.05,0,False,359.7,-179.7,0.0,0.0,0.0,,-1,6,0.0,250.0,False,False,False
1788784956.5249662,2.0745204999984708,52512,2.071,0,False,359.7,-179.7,0.0,0.0,0.0,,-1,6,0.0,250.0,False,False,False
1788784956.544952,2.094389699999738,52532,2.091,0,False,359.7,-179.7,0.0,0.0,0.0,,-1,6,0.0,250.0,False,False,False
1788784956.5649457,2.1146926999972493,52553,2.112,0,False,359.7,-179.7,0.0,0.0,0.0,,-1,6,0.0,250.0,False,False,False
1788784956.5858438,2.135233099998004,52574,2.133,0,False,359.7,-179.7,0.0,0.0,0.0,,-1,6,0.0,250.0,False,False,False
1788784956.6058912,2.1558824999992794,52595,2.154,0,False,359.7,-179.7,0.0,0.0,0.0,,-1,6,0.0,250.0,False,False,False
1788784956.6259372,2.1767750999970303,52615,2.174,0,False,359.7,-179.7,0.0,0.0,0.0,,-1,6,0.0,250.0,False,False,False
1788784956.6480203,2.197543599999335,52635,2.194,0,False,359.7,-179.7,0.0,0.0,0.0,,-1,6,0.0,250.0,False,False,False
1788784956.6659145,2.2165090999988024,52656,2.215,0,False,359.7,-179.7,0.0,0.0,0.0,,-1,6,0.0,250.0,False,False,False
1788784956.6893268,2.2390060999969137,52676,2.235,0,False,359.7,-179.7,0.0,0.0,0.0,,-1,6,0.0,250.0,False,False,False
1788784956.7076635,2.2578758999989077,52697,2.256,0,False,359.7,-179.7,0.0,0.0,0.0,,-1,6,0.0,250.0,False,False,False
1788784956.728553,2.278468900000007,52717,2.276,0,False,359.7,-179.7,0.0,0.0,0.0,,-1,6,0.0,250.0,False,False,False
1788784956.7495155,2.2989602999987255,52737,2.296,0,False,359.7,-179.7,0.0,0.0,0.0,,-1,6,0.0,250.0,False,False,False
1788784956.7695968,2.3196820999983174,52758,2.317,0,False,359.7,-179.7,0.0,0.0,0.0,,-1,6,0.0,250.0,False,False,False
1788784956.7888975,2.338600699997187,52779,2.338,0,False,359.7,-179.7,0.0,0.0,0.0,,-1,6,0.0,250.0,False,False,False
1788784956.8096259,2.359345199998643,52799,2.358,0,False,359.7,-179.7,0.0,0.0,0.0,,-1,6,0.0,250.0,False,False,False
1788784956.830232,2.380077899997559,52819,2.378,0,False,359.7,-179.7,0.0,0.0,0.0,,-1,6,0.0,250.0,False,False,False
1788784956.8514483,2.401634899997589,52840,2.399,0,False,359.7,-179.7,0.0,0.0,0.0,,-1,6,0.0,250.0,False,False,False
1788784956.8694918,2.419622499997786,52860,2.419,0,False,359.7,-179.7,0.0,0.0,0.0,,-1,6,0.0,250.0,False,False,False
1788784956.8903587,2.440667899998516,52881,2.44,0,False,359.7,-179.7,0.0,0.0,0.0,,-1,6,0.0,250.0,False,False,False
1788784956.9105728,2.460828199997195,52901,2.46,0,False,359.7,-179.7,0.0,0.0,0.0,,-1,6,0.0,250.0,False,False,False
1788784956.9309568,2.481246799998189,52922,2.481,0,False,359.7,-179.7,0.0,0.0,0.0,,-1,6,0.0,250.0,False,False,False
1788784956.9524953,2.502752499996859,52942,2.501,0,False,359.7,-179.7,0.0,0.0,0.0,,-1,6,0.0,250.0,False,False,False
1788784956.972619,2.522191899999598,52963,2.522,0,False,359.7,-179.7,0.0,0.0,0.0,,-1,6,0.0,250.0,False,False,False
1788784956.991873,2.541982699996879,52983,2.542,0,False,359.7,-179.7,0.0,0.0,0.0,,-1,6,0.0,250.0,False,False,False
1788784957.012958,2.562612199999421,53004,2.563,0,False,359.7,-179.7,0.0,0.0,0.0,,-1,6,0.0,250.0,False,False,False
1788784957.0329118,2.582569099999091,53024,2.583,0,False,359.7,-179.7,0.0,0.0,0.0,,-1,6,0.0,250.0,False,False,False
1788784957.0551162,2.604675699996733,53046,2.605,0,False,359.7,-179.7,0.0,0.0,0.0,,-1,6,0.0,250.0,False,False,False
1788784957.0744433,2.6246578999998746,53066,2.625,0,False,359.7,-179.7,0.0,0.0,0.0,,-1,6,0.0,250.0,False,False,False
1788784957.0945227,2.644636699998955,53087,2.646,0,False,359.7,-179.7,0.0,0.0,0.0,,-1,6,0.0,250.0,False,False,False
1788784957.1141434,2.6639484999977867,53107,2.666,0,False,359.7,-179.7,0.0,0.0,0.0,,-1,6,0.0,250.0,False,False,False
1788784957.1355166,2.6850755999985267,53127,2.686,0,False,359.7,-179.7,0.0,0.0,0.0,,-1,6,0.0,250.0,False,False,False
1788784957.155638,2.705919299998641,53148,2.707,0,False,359.7,-179.7,0.0,0.0,0.0,,-1,6,0.0,250.0,False,False,False
1788784957.176208,2.7260349999996834,53169,2.728,0,False,359.7,-179.7,0.0,0.0,0.0,,-1,6,0.0,250.0,False,False,False
1788784957.196699,2.7467803999970783,53189,2.748,0,False,359.7,-179.7,0.0,0.0,0.0,,-1,6,0.0,250.0,False,False,False
1788784957.218179,2.7678558999978122,53210,2.769,0,False,359.7,-179.7,0.0,0.0,0.0,,-1,6,0.0,250.0,False,False,False
1788784957.2375412,2.786866699996608,53230,2.789,0,False,359.7,-179.7,0.0,0.0,0.0,,-1,6,0.0,250.0,False,False,False
1788784957.2569683,2.8071476999975857,53251,2.81,0,False,359.7,-179.7,0.0,0.0,0.0,,-1,6,0.0,250.0,False,False,False
1788784957.2789989,2.8284871999967436,53271,2.83,0,False,359.7,-179.7,0.0,0.0,0.0,,-1,6,0.0,250.0,False,False,False
1788784957.297921,2.8482201999977406,53292,2.851,0,False,359.7,-179.7,0.0,0.0,0.0,,-1,6,0.0,250.0,False,False,False
1788784957.3206654,2.870050599998649,53312,2.871,0,False,359.7,-179.7,0.0,0.0,0.0,,-1,6,0.0,250.0,False,False,False
1788784957.339635,2.8890749999991385,53333,2.892,0,False,359.7,-179.7,0.0,0.0,0.0,,-1,6,0.0,250.0,False,False,False
1788784957.3595228,2.909323599997151,53353,2.912,0,False,359.7,-179.7,0.0,0.0,0.0,,-1,6,0.0,250.0,False,False,False
1788784957.3791227,2.9293856999975105,53374,2.933,0,False,359.7,-179.7,0.0,0.0,0.0,,-1,6,0.0,250.0,False,False,False
1788784957.399978,2.9497033999978157,53394,2.953,0,False,359.7,-179.7,0.0,0.0,0.0,,-1,6,0.0,250.0,False,False,False
1788784957.421669,2.9714339999991353,53415,2.974,0,False,359.7,-179.7,0.0,0.0,0.0,,-1,6,0.0,250.0,False,False,False
1788784957.4409945,2.990891899997223,53436,2.995,0,False,359.7,-179.7,0.0,0.0,0.0,,-1,6,0.0,250.0,False,False,False
1788784957.4620204,3.0119437999965157,53456,3.015,0,False,359.7,-179.7,0.0,0.0,0.0,,-1,6,0.0,250.0,False,False,False
1788784957.4841802,3.033728999998857,53477,3.036,0,False,359.7,-179.7,0.0,0.0,0.0,,-1,6,0.0,250.0,False,False,False
1788784957.5041852,3.05422980000003,53497,3.056,0,False,359.7,-179.7,0.0,0.0,0.0,,-1,6,0.0,250.0,False,False,False
1788784957.5236254,3.0730370999990555,53518,3.077,0,False,359.7,-179.7,0.0,0.0,0.0,,-1,6,0.0,250.0,False,False,False
1788784957.5428746,3.092940299997281,53539,3.098,0,False,359.7,-179.7,0.0,0.0,0.0,,-1,6,0.0,250.0,False,False,False
1788784957.5640893,3.1140470999998797,53559,3.118,0,False,359.7,-179.7,0.0,0.0,0.0,,-1,4,250.0,250.0,False,True,False
1788784957.5851183,3.1352867999994487,53580,3.139,0,False,359.7,-179.7,0.0,0.0,0.0,,-1,6,250.0,250.0,False,True,False
1788784957.6049721,3.154497399998945,53601,3.16,0,False,359.7,-179.7,0.0,0.0,0.0,,-1,6,250.0,250.0,False,True,False
1788784957.6255043,3.1752667000000656,53621,3.18,0,False,359.7,-179.7,0.0,0.0,0.0,,-1,6,250.0,250.0,False,True,False
1788784957.644942,3.194719699997222,53642,3.201,0,False,359.7,-179.7,0.0,0.0,0.0,,-1,6,250.0,250.0,False,True,False
1788784957.6660907,3.2158735999983037,53662,3.221,0,False,359.7,-179.7,0.0,0.0,0.0,,-1,6,250.0,250.0,False,True,False
1788784957.686311,3.236358799997106,53683,3.242,0,False,359.7,-179.7,0.0,0.0,0.0,,-1,6,250.0,250.0,False,True,False
1788784957.7058022,3.2555739999988873,53703,3.262,0,False,359.7,-179.7,0.0,0.0,0.0,,-1,6,250.0,250.0,False,True,False
1788784957.7259433,3.2760328999975172,53723,3.282,0,False,359.7,-179.7,0.0,0.0,0.0,,-1,6,250.0,250.0,False,True,False
1788784957.747296,3.297267299996747,53744,3.303,0,False,359.7,-179.7,0.0,0.0,0.0,,-1,5,0.0,250.0,False,False,False
1788784957.7680092,3.317782199999783,53764,3.323,0,False,359.7,-179.7,0.0,0.0,0.0,,-1,6,0.0,250.0,False,False,False
1788784957.78849,3.3378931999977794,53785,3.344,0,False,359.7,-179.7,0.0,0.0,0.0,,-1,6,0.0,250.0,False,False,False
1788784957.8093388,3.358976299998176,53805,3.364,0,False,359.7,-179.7,0.0,0.0,0.0,,-1,6,0.0,250.0,False,False,False
1788784957.8285751,3.3782774999999674,53826,3.385,0,False,359.7,-179.7,0.0,0.0,0.0,,-1,6,0.0,250.0,False,False,False
1788784957.8475428,3.3979628999986744,53846,3.405,0,False,359.7,-179.7,0.0,0.0,0.0,,-1,6,0.0,250.0,False,False,False
1788784957.8700264,3.419411899998522,53867,3.426,0,False,359.7,-179.7,0.0,0.0,0.0,,-1,6,0.0,250.0,False,False,False
1788784957.8898714,3.4394777999987127,53887,3.446,0,False,359.7,-179.7,0.0,0.0,0.0,,-1,6,0.0,250.0,False,False,False
1788784957.9106371,3.4607039999973495,53908,3.467,0,False,359.7,-179.7,0.0,0.0,0.0,,-1,6,0.0,250.0,False,False,False
1788784957.9315128,3.480861299998651,53929,3.488,0,False,359.7,-179.7,0.0,0.0,0.0,,-1,6,0.0,250.0,False,False,False
1788784957.9522889,3.5016456999983347,53949,3.508,0,False,359.7,-179.7,0.0,0.0,0.0,,-1,6,0.0,250.0,False,False,False
1788784957.971981,3.5215524999985064,53970,3.529,0,False,359.7,-179.7,0.0,0.0,0.0,,-1,6,0.0,250.0,False,False,False
1788784957.9919941,3.5412892999993346,53991,3.55,0,False,359.7,-179.7,0.0,0.0,0.0,,-1,6,0.0,250.0,False,False,False
1788784958.013976,3.5635873999999603,54011,3.57,0,False,359.7,-179.7,0.0,0.0,0.0,,-1,6,0.0,250.0,False,False,False
1788784958.034069,3.5841580999986036,54032,3.591,0,False,359.7,-179.7,0.0,0.0,0.0,,-1,6,0.0,250.0,False,False,False
1788784958.054742,3.604088899999624,54053,3.612,0,False,359.7,-179.7,0.0,0.0,0.0,,-1,6,0.0,250.0,False,False,False
1788784958.0750144,3.62461809999877,54073,3.632,0,False,359.7,-179.7,0.0,0.0,0.0,,-1,6,0.0,250.0,False,False,False
1788784958.0945134,3.644232099999499,54094,3.653,0,False,359.7,-179.7,0.0,0.0,0.0,,-1,6,0.0,250.0,False,False,False
1788784958.1150174,3.664456699996663,54115,3.674,0,False,359.7,-179.7,0.0,0.0,0.0,,-1,6,0.0,250.0,False,False,False
1788784958.1354482,3.685411299997213,54135,3.694,0,False,359.7,-179.7,0.0,0.0,0.0,,-1,6,0.0,250.0,False,False,False
1788784958.1559873,3.7052963999994972,54155,3.714,0,False,359.7,-179.7,0.0,0.0,0.0,,-1,6,0.0,250.0,False,False,False
1788784958.1752455,3.725303100000019,54176,3.735,0,False,359.7,-179.7,0.0,0.0,0.0,,-1,6,0.0,250.0,False,False,False
1788784958.195888,3.7454279999983555,54196,3.755,0,False,359.7,-179.7,0.0,0.0,0.0,,-1,4,-250.0,250.0,True,False,False
1788784958.2159932,3.7653892999987875,54216,3.775,0,False,359.7,-179.7,0.0,0.0,0.0,,-1,6,-250.0,250.0,True,False,False
1788784958.2364094,3.7858437999966554,54237,3.796,0,False,359.7,-179.7,0.0,0.0,0.0,,-1,6,-250.0,250.0,True,False,False
1788784958.2559924,3.8059159999975236,54257,3.816,0,False,359.7,-179.7,0.0,0.0,0.0,,-1,6,-250.0,250.0,True,False,False
1788784958.276091,3.8265304999986256,54278,3.837,0,False,359.7,-179.7,0.0,0.0,0.0,,-1,6,-250.0,250.0,True,False,False
1788784958.2975276,3.847216899997875,54299,3.858,0,False,359.7,-179.7,0.0,0.0,0.0,,-1,6,-250.0,250.0,True,False,False
1788784958.317415,3.8675632999984373,54319,3.878,0,False,359.7,-179.7,0.0,0.0,0.0,,-1,6,-250.0,250.0,True,False,False
1788784958.3388684,3.888450999998895,54340,3.899,0,False,359.7,-179.7,0.0,0.0,0.0,,-1,6,-250.0,250.0,True,False,False
1788784958.3587377,3.9080503999975917,54360,3.919,0,False,359.7,-179.7,0.0,0.0,0.0,,-1,5,0.0,250.0,False,False,False
1788784958.378151,3.928640899997845,54381,3.94,0,False,359.7,-179.7,0.0,0.0,0.0,,-1,6,0.0,250.0,False,False,False
1788784958.3994305,3.9487332999997307,54401,3.96,0,False,359.7,-179.7,0.0,0.0,0.0,,-1,6,0.0,250.0,False,False,False
1788784958.4203799,3.9699158999974316,54422,3.981,0,False,359.7,-179.7,0.0,0.0,0.0,,-1,6,0.0,250.0,False,False,False
1788784958.439864,3.9898066999994626,54442,4.001,0,False,359.7,-179.7,0.0,0.0,0.0,,-1,6,0.0,250.0,False,False,False
1788784958.4610972,4.0112704999992275,54463,4.022,0,False,359.7,-179.7,0.0,0.0,0.0,,-1,6,0.0,250.0,False,False,False
1788784958.4819605,4.031490499997744,54484,4.043,0,False,359.7,-179.7,0.0,0.0,0.0,,-1,6,0.0,250.0,False,False,False
1788784958.5029602,4.052323799998703,54504,4.063,0,False,359.7,-179.7,0.0,0.0,0.0,,-1,6,0.0,250.0,False,False,False
1788784958.5219898,4.07156109999778,54525,4.084,0,False,359.7,-179.7,0.0,0.0,0.0,,-1,6,0.0,250.0,False,False,False
1788784958.5429587,4.093129399996542,54545,4.104,0,False,359.7,-179.7,0.0,0.0,0.0,,-1,6,0.0,250.0,False,False,False
1788784958.5639656,4.113477199996851,54566,4.125,0,False,359.7,-179.7,0.0,0.0,0.0,,-1,6,0.0,250.0,False,False,False
1788784958.5839515,4.133683599997312,54586,4.145,0,False,359.7,-179.7,0.0,0.0,0.0,,-1,6,0.0,250.0,False,False,False
1788784958.6036603,4.153575799999089,54607,4.166,0,False,359.7,-179.7,0.0,0.0,0.0,,-1,6,0.0,250.0,False,False,False
1788784958.6251652,4.174658699997963,54628,4.187,0,False,359.7,-179.7,0.0,0.0,0.0,,-1,6,0.0,250.0,False,False,False
1788784958.645146,4.194755399999849,54649,4.208,0,False,359.7,-179.7,0.0,0.0,0.0,,-1,6,0.0,250.0,False,False,False
1788784958.6659875,4.215448999999353,54669,4.228,0,False,359.7,-179.7,0.0,0.0,0.0,,-1,6,0.0,250.0,False,False,False
1788784958.6861556,4.23618969999734,54690,4.249,0,False,359.7,-179.7,0.0,0.0,0.0,,-1,6,0.0,250.0,False,False,False
1788784958.7055502,4.255511699997442,54710,4.269,0,False,359.7,-179.7,0.0,0.0,0.0,,-1,6,0.0,250.0,False,False,False
1788784958.7267444,4.276552099996479,54731,4.29,0,False,359.7,-179.7,0.0,0.0,0.0,,-1,6,0.0,250.0,False,False,False
1788784958.745999,4.29670989999795,54751,4.31,0,False,359.7,-179.7,0.0,0.0,0.0,,-1,6,0.0,250.0,False,False,False
1788784958.7685022,4.31872629999998,54772,4.331,0,False,359.7,-179.7,0.0,0.0,0.0,,-1,6,0.0,250.0,False,False,False
1788784958.7888732,4.338258499999938,54792,4.351,0,False,359.7,-179.7,0.0,0.0,0.0,,-1,6,0.0,250.0,False,False,False
1788784958.8077939,4.358022699998401,54813,4.372,0,False,359.7,-179.7,0.0,0.0,0.0,,-1,6,0.0,250.0,False,False,False
1788784958.8277712,4.377533499999117,54833,4.392,0,False,359.7,-179.7,0.0,0.0,0.0,,-1,6,0.0,250.0,False,False,False
1788784958.8495424,4.39889189999667,54853,4.412,0,False,359.7,-179.7,0.0,0.0,0.0,,-1,6,0.0,250.0,False,False,False
1788784958.869573,4.419719699999405,54874,4.433,0,False,359.7,-179.7,0.0,0.0,0.0,,-1,6,0.0,250.0,False,False,False
1788784958.889893,4.4394750999999815,54895,4.454,0,False,359.7,-179.7,0.0,0.0,0.0,,-1,6,0.0,250.0,False,False,False
1788784958.908895,4.458746799999062,54915,4.474,0,False,359.7,-179.7,0.0,0.0,0.0,,-1,6,0.0,250.0,False,False,False
1788784958.9296446,4.479834599998867,54936,4.495,0,False,359.7,-179.7,0.0,0.0,0.0,,-1,6,0.0,250.0,False,False,False
1788784958.9504437,4.500208699999348,54957,4.516,0,False,359.7,-179.7,0.0,0.0,0.0,,-1,6,0.0,250.0,False,False,False
1788784958.9715369,4.521269199998642,54977,4.536,0,False,359.7,-179.7,0.0,0.0,0.0,,-1,6,0.0,250.0,False,False,False
1788784958.990891,4.54108069999711,54998,4.557,0,False,359.7,-179.7,0.0,0.0,0.0,,-1,6,0.0,250.0,False,False,False
1788784959.0122428,4.562458499996865,55018,4.577,0,False,359.7,-179.7,0.0,0.0,0.0,,-1,6,0.0,250.0,False,False,False
1788784959.0322094,4.581746399999247,55039,4.598,0,False,359.7,-179.7,0.0,0.0,0.0,,-1,6,0.0,250.0,False,False,False
1788784959.05338,4.603175499996723,55060,4.619,0,False,359.7,-179.7,0.0,0.0,0.0,,-1,6,0.0,250.0,False,False,False
1788784959.0750616,4.625104799997644,55080,4.639,0,False,359.7,-179.7,0.0,0.0,0.0,,-1,6,0.0,250.0,False,False,False
1788784959.093945,4.644326999998157,55101,4.66,0,False,359.7,-179.7,0.0,0.0,0.0,,-1,6,0.0,250.0,False,False,False
1788784959.113879,4.664170000000013,55122,4.681,0,False,359.7,-179.7,0.0,0.0,0.0,,-1,6,0.0,250.0,False,False,False
1788784959.1355975,4.6850534999975935,55142,4.701,0,False,359.7,-179.7,0.0,0.0,0.0,,-1,6,0.0,250.0,False,False,False
1788784959.15554,4.704936099999031,55162,4.721,0,False,359.7,-179.7,0.0,0.0,0.0,,-1,6,0.0,250.0,False,False,False
1788784959.1748466,4.724775099999533,55183,4.742,0,False,359.7,-179.7,0.0,0.0,0.0,,-1,6,0.0,250.0,False,False,False
1788784959.194947,4.744754899998952,55204,4.763,0,False,359.7,-179.7,0.0,0.0,0.0,,-1,6,0.0,250.0,False,False,False
1788784959.2153752,4.76535629999853,55224,4.783,0,False,359.7,-179.7,0.0,0.0,0.0,,-1,6,0.0,250.0,False,False,False
1788784959.23628,4.786163599997963,55245,4.804,0,False,359.7,-179.7,0.0,0.0,0.0,,-1,6,0.0,250.0,False,False,False
1788784959.2559037,4.8064536999991105,55265,4.824,0,False,359.7,-179.7,0.0,0.0,0.0,,-1,6,0.0,250.0,False,False,False
1788784959.2759285,4.82645279999997,55286,4.845,0,False,359.7,-179.7,0.0,0.0,0.0,,-1,6,0.0,250.0,False,False,False
1788784959.2984612,4.847784599998704,55306,4.865,0,False,359.7,-179.7,0.0,0.0,0.0,,-1,6,0.0,250.0,False,False,False
1788784959.3179255,4.867979799997556,55327,4.886,0,False,359.7,-179.7,0.0,0.0,0.0,,-1,6,0.0,250.0,False,False,False
1788784959.3390663,4.888392799999565,55347,4.906,0,False,359.7,-179.7,0.0,0.0,0.0,,-1,6,0.0,250.0,False,False,False
1788784959.3578036,4.907974399997329,55367,4.926,0,False,359.7,-179.7,0.0,0.0,0.0,,-1,6,0.0,250.0,False,False,False
1788784959.3784661,4.929045199998654,55388,4.947,0,False,359.7,-179.7,0.0,0.0,0.0,,-1,6,0.0,250.0,False,False,False
1788784959.3985794,4.948597999999038,55408,4.967,0,False,359.7,-179.7,0.0,0.0,0.0,,-1,6,0.0,250.0,False,False,False
1788784959.419639,4.9696088999990025,55429,4.988,0,False,359.7,-179.7,0.0,0.0,0.0,,-1,6,0.0,250.0,False,False,False
1788784959.4385984,4.988629899999069,55449,5.008,0,False,359.7,-179.7,0.0,0.0,0.0,,-1,6,0.0,250.0,False,False,False
1788784959.4597006,5.009672699998191,55470,5.029,0,False,359.7,-179.7,0.0,0.0,0.0,,-1,6,0.0,250.0,False,False,False
1788784959.47985,5.029621599998791,55491,5.05,0,False,359.7,-179.7,0.0,0.0,0.0,,-1,6,0.0,250.0,False,False,False
1788784959.5013406,5.0506844999981695,55511,5.07,0,False,359.7,-179.7,0.0,0.0,0.0,,-1,6,0.0,250.0,False,False,False
1788784959.5216618,5.071530899997015,55532,5.091,0,False,359.7,-179.7,0.0,0.0,0.0,,-1,6,0.0,250.0,False,False,False
1788784959.5412278,5.091410999997606,55553,5.112,0,False,359.7,-179.7,0.0,0.0,0.0,,-1,6,0.0,250.0,False,False,False
1788784959.5618644,5.111881799999537,55574,5.133,0,False,359.7,-179.7,0.0,0.0,0.0,,-1,6,0.0,250.0,False,False,False
1788784959.5830064,5.1323905999997805,55594,5.153,0,False,359.7,-179.7,0.0,0.0,0.0,,-1,6,0.0,250.0,False,False,False
1788784959.6025002,5.152378599999793,55615,5.174,0,False,359.7,-179.7,0.0,0.0,0.0,,-1,6,0.0,250.0,False,False,False
1788784959.6226916,5.17299649999768,55635,5.194,0,False,359.7,-179.7,0.0,0.0,0.0,,-1,6,0.0,250.0,False,False,False
1788784959.6431105,5.193323699997563,55656,5.215,0,False,359.7,-179.7,0.0,0.0,0.0,,-1,6,0.0,250.0,False,False,False
1788784959.6647184,5.214550899996539,55676,5.235,0,False,359.7,-179.7,0.0,0.0,0.0,,-1,6,0.0,250.0,False,False,False
1788784959.686341,5.2357312999993155,55697,5.256,0,False,359.7,-179.7,0.0,0.0,0.0,,-1,6,0.0,250.0,False,False,False
1788784959.7048337,5.254695299998275,55717,5.276,0,False,359.7,-179.7,0.0,0.0,0.0,,-1,6,0.0,250.0,False,False,False
1788784959.7249622,5.274847799999407,55738,5.297,0,False,359.7,-179.7,0.0,0.0,0.0,,-1,6,0.0,250.0,False,False,False
1788784959.7459033,5.295391899999231,55759,5.318,0,False,359.7,-179.7,0.0,0.0,0.0,,-1,6,0.0,250.0,False,False,False
1788784959.766091,5.315711799998098,55779,5.338,0,False,359.7,-179.7,0.0,0.0,0.0,,-1,6,0.0,250.0,False,False,False
1788784959.7873554,5.336943099999189,55799,5.358,0,False,359.7,-179.7,0.0,0.0,0.0,,-1,6,0.0,250.0,False,False,False
1788784959.8065157,5.356243199999881,55820,5.379,0,False,359.7,-179.7,0.0,0.0,0.0,,-1,6,0.0,250.0,False,False,False
1788784959.82611,5.376553199999762,55841,5.4,0,False,359.7,-179.7,0.0,0.0,0.0,,-1,6,0.0,250.0,False,False,False
1788784959.847445,5.397331999996823,55861,5.42,0,False,359.7,-179.7,0.0,0.0,0.0,,-1,6,0.0,250.0,False,False,False
1788784959.8673618,5.417413999999553,55882,5.441,0,False,359.7,-179.7,0.0,0.0,0.0,,-1,6,0.0,250.0,False,False,False
1788784959.8874724,5.437425999996776,55902,5.461,0,False,359.7,-179.7,0.0,0.0,0.0,,-1,6,0.0,250.0,False,False,False
1788784959.9078858,5.458083599998645,55923,5.482,0,False,359.7,-179.7,0.0,0.0,0.0,,-1,6,0.0,250.0,False,False,False
1788784959.929493,5.478948299998592,55943,5.502,0,False,359.7,-179.7,0.0,0.0,0.0,,-1,6,0.0,250.0,False,False,False
1788784959.9490488,5.498721199997817,55963,5.522,0,False,359.7,-179.7,0.0,0.0,0.0,,-1,6,0.0,250.0,False,False,False
1788784959.9705153,5.520318499999121,55984,5.543,0,False,359.7,-179.7,0.0,0.0,0.0,,-1,6,0.0,250.0,False,False,False
1788784959.9898453,5.539796999997634,56005,5.564,0,False,359.7,-179.7,0.0,0.0,0.0,,-1,6,0.0,250.0,False,False,False
1788784960.0098975,5.559751299999334,56025,5.584,0,False,359.7,-179.7,0.0,0.0,0.0,,-1,6,0.0,250.0,False,False,False
1788784960.0321183,5.581799699997646,56045,5.604,0,False,359.7,-179.7,0.0,0.0,0.0,,-1,6,0.0,250.0,False,False,False
1788784960.050861,5.601107699996646,56066,5.625,0,False,359.7,-179.7,0.0,0.0,0.0,,-1,6,0.0,250.0,False,False,False
1788784960.0708003,5.621173099996668,56086,5.645,0,False,359.7,-179.7,0.0,0.0,0.0,,-1,6,0.0,250.0,False,False,False
1788784960.0910733,5.640811599998415,56107,5.666,0,False,359.7,-179.7,0.0,0.0,0.0,,-1,6,0.0,250.0,False,False,False
1788784960.1117632,5.661324699998659,56127,5.686,0,False,359.7,-179.7,0.0,0.0,0.0,,-1,6,0.0,250.0,False,False,False
1788784960.1313415,5.6814406999983476,56148,5.707,0,False,359.7,-179.7,0.0,0.0,0.0,,-1,6,0.0,250.0,False,False,False
1788784960.1523588,5.702403099996445,56169,5.728,0,False,359.7,-179.7,0.0,0.0,0.0,,-1,6,0.0,250.0,False,False,False
1788784960.1747046,5.724171699999715,56190,5.749,0,False,359.7,-179.7,0.0,0.0,0.0,,-1,6,0.0,250.0,False,False,False
1788784960.194513,5.7445887999965635,56210,5.769,0,False,359.7,-179.7,0.0,0.0,0.0,,-1,6,0.0,250.0,False,False,False
1788784960.2139826,5.763500999997632,56230,5.789,0,False,359.7,-179.7,0.0,0.0,0.0,,-1,6,0.0,250.0,False,False,False
1788784960.2341645,5.783765599997423,56251,5.81,0,False,359.7,-179.7,0.0,0.0,0.0,,-1,6,0.0,250.0,False,False,False
1788784960.2537813,5.803970399996615,56271,5.83,0,False,359.7,-179.7,0.0,0.0,0.0,,-1,6,0.0,250.0,False,False,False
1788784960.2739346,5.823598499999207,56291,5.85,0,False,359.7,-179.7,0.0,0.0,0.0,,-1,6,0.0,250.0,False,False,False
1788784960.2939324,5.843639199996687,56312,5.871,0,False,359.7,-179.7,0.0,0.0,0.0,,-1,6,0.0,250.0,False,False,False
1788784960.3148546,5.864816899997095,56332,5.891,0,False,359.7,-179.7,0.0,0.0,0.0,,-1,6,0.0,250.0,False,False,False
1788784960.3350587,5.884386999998242,56352,5.911,0,False,359.7,-179.7,0.0,0.0,0.0,,-1,6,0.0,250.0,False,False,False
1788784960.3546777,5.904690699997445,56373,5.932,0,False,359.7,-179.7,0.0,0.0,0.0,,-1,6,0.0,250.0,False,False,False
1788784960.3757951,5.925555899997562,56393,5.952,0,False,359.7,-179.7,0.0,0.0,0.0,,-1,6,0.0,250.0,False,False,False
1788784960.3950958,5.944779499997821,56413,5.972,0,False,359.7,-179.7,0.0,0.0,0.0,,-1,6,0.0,250.0,False,False,False
1788784960.4158492,5.965482999999949,56434,5.993,0,False,359.7,-179.7,0.0,0.0,0.0,,-1,6,0.0,250.0,False,False,False
1788784960.4361532,5.986044499997661,56454,6.013,0,False,359.7,-179.7,0.0,0.0,0.0,,-1,6,0.0,250.0,False,False,False
1788784960.4558685,6.006131099999038,56475,6.034,0,False,359.7,-179.7,0.0,0.0,0.0,,-1,6,0.0,250.0,False,False,False
1788784960.4758925,6.026145099996938,56495,6.054,0,False,359.7,-179.7,0.0,0.0,0.0,,-1,6,0.0,250.0,False,False,False
1788784960.497401,6.046779499996774,56516,6.075,0,False,359.7,-179.7,0.0,0.0,0.0,,-1,6,0.0,250.0,False,False,False
1788784960.5173655,6.067550999996456,56536,6.095,0,False,359.7,-179.7,0.0,0.0,0.0,,-1,6,0.0,250.0,False,False,False
1788784960.5373878,6.087084899998445,56556,6.115,0,False,359.7,-179.7,0.0,0.0,0.0,,-1,6,0.0,250.0,False,False,False
1788784960.5568392,6.106699499996466,56577,6.136,0,False,359.7,-179.7,0.0,0.0,0.0,,-1,6,0.0,250.0,False,False,False
1788784960.5775568,6.127763199998299,56598,6.157,0,False,359.7,-179.7,0.0,0.0,0.0,,-1,6,0.0,250.0,False,False,False
1788784960.5976837,6.147909999999683,56618,6.177,0,False,359.7,-179.7,0.0,0.0,0.0,,-1,6,0.0,250.0,False,False,False
1788784960.6196957,6.169116599998233,56639,6.198,0,False,359.7,-179.7,0.0,0.0,0.0,,-1,6,0.0,250.0,False,False,False
1788784960.6394486,6.1894056999990426,56659,6.218,0,False,359.7,-179.7,0.0,0.0,0.0,,-1,6,0.0,250.0,False,False,False
1788784960.6595266,6.20936349999829,56680,6.239,0,False,359.7,-179.7,0.0,0.0,0.0,,-1,6,0.0,250.0,False,False,False
1788784960.6797392,6.229948499996681,56701,6.26,0,False,359.7,-179.7,0.0,0.0,0.0,,-1,6,0.0,250.0,False,False,False
1788784960.7007158,6.250893599997653,56721,6.28,0,False,359.7,-179.7,0.0,0.0,0.0,,-1,6,0.0,250.0,False,False,False
1788784960.7209523,6.271004099999118,56741,6.3,0,False,359.7,-179.7,0.0,0.0,0.0,,-1,6,0.0,250.0,False,False,False
1788784960.7408557,6.290522699997382,56762,6.321,0,False,359.7,-179.7,0.0,0.0,0.0,,-1,6,0.0,250.0,False,False,False
1788784960.7611964,6.310899000000063,56782,6.341,0,False,359.7,-179.7,0.0,0.0,0.0,,-1,6,0.0,250.0,False,False,False
1788784960.7828796,6.332309499997791,56803,6.362,0,False,359.7,-179.7,0.0,0.0,0.0,,-1,6,0.0,250.0,False,False,False
1788784960.8030958,6.352585499997076,56824,6.383,0,False,359.7,-179.7,0.0,0.0,0.0,,-1,6,0.0,250.0,False,False,False
1788784960.8231986,6.373309199996584,56845,6.404,0,False,359.7,-179.7,0.0,0.0,0.0,,-1,6,0.0,250.0,False,False,False
1788784960.8443682,6.394529999997758,56866,6.425,0,False,359.7,-179.7,0.0,0.0,0.0,,-1,6,0.0,250.0,False,False,False
1788784960.8650217,6.414436600000045,56886,6.445,0,False,359.7,-179.7,0.0,0.0,0.0,,-1,6,0.0,250.0,False,False,False
1788784960.885113,6.434520499999053,56906,6.465,0,False,359.7,-179.7,0.0,0.0,0.0,,-1,6,0.0,250.0,False,False,False
1788784960.9053566,6.455619399999705,56927,6.486,0,False,359.7,-179.7,0.0,0.0,0.0,,-1,6,0.0,250.0,False,False,False
1788784960.924116,6.474741799996991,56947,6.506,0,False,359.7,-179.7,0.0,0.0,0.0,,-1,6,0.0,250.0,False,False,False
1788784960.9456763,6.495781499997975,56968,6.527,0,False,359.7,-179.7,0.0,0.0,0.0,,-1,6,0.0,250.0,False,False,False
1788784960.966362,6.516054699997767,56989,6.548,0,False,359.7,-179.7,0.0,0.0,0.0,,-1,6,0.0,250.0,False,False,False
1788784960.9878914,6.537423699999636,57009,6.568,0,False,359.7,-179.7,0.0,0.0,0.0,,-1,6,0.0,250.0,False,False,False
1788784961.0058744,6.556619999999384,57030,6.589,0,False,359.7,-179.7,0.0,0.0,0.0,,-1,6,0.0,250.0,False,False,False
1788784961.0274358,6.577492799999163,57050,6.609,0,False,359.7,-179.7,0.0,0.0,0.0,,-1,6,0.0,250.0,False,False,False
1788784961.047539,6.597769099997095,57071,6.63,0,False,359.7,-179.7,0.0,0.0,0.0,,-1,6,0.0,250.0,False,False,False
1788784961.0697925,6.61947009999858,57091,6.65,0,False,359.7,-179.7,0.0,0.0,0.0,,-1,6,0.0,250.0,False,False,False
1788784961.0885942,6.638224499998614,57112,6.671,0,False,359.7,-179.7,0.0,0.0,0.0,,-1,6,0.0,250.0,False,False,False
1788784961.1093843,6.659373499998765,57132,6.691,0,False,359.7,-179.7,0.0,0.0,0.0,,-1,6,0.0,250.0,False,False,False
1788784961.1304092,6.679919899997913,57153,6.712,0,False,359.7,-179.7,0.0,0.0,0.0,,-1,6,0.0,250.0,False,False,False
1788784961.1506834,6.700554299997748,57174,6.733,0,False,359.7,-179.7,0.0,0.0,0.0,,-1,6,0.0,250.0,False,False,False
1788784961.1711197,6.720551200000045,57194,6.753,0,False,359.7,-179.7,0.0,0.0,0.0,,-1,6,0.0,250.0,False,False,False
1788784961.1904507,6.739926799997193,57214,6.773,0,False,359.7,-179.7,0.0,0.0,0.0,,-1,6,0.0,250.0,False,False,False
1788784961.2103465,6.76041549999718,57235,6.794,0,False,359.7,-179.7,0.0,0.0,0.0,,-1,6,0.0,250.0,False,False,False
1788784961.230604,6.780637199997727,57255,6.814,0,False,359.7,-179.7,0.0,0.0,0.0,,-1,6,0.0,250.0,False,False,False
1788784961.251927,6.801821899996867,57276,6.835,0,False,359.7,-179.7,0.0,0.0,0.0,,-1,6,0.0,250.0,False,False,False
1788784961.2712607,6.820849899999303,57296,6.855,0,False,359.7,-179.7,0.0,0.0,0.0,,-1,6,0.0,250.0,False,False,False
1788784961.2911894,6.841451499996765,57317,6.876,0,False,359.7,-179.7,0.0,0.0,0.0,,-1,6,0.0,250.0,False,False,False
1788784961.313018,6.862325099998998,57337,6.896,0,False,359.7,-179.7,0.0,0.0,0.0,,-1,6,0.0,250.0,False,False,False
1788784961.333097,6.882666799996514,57358,6.917,0,False,359.7,-179.7,0.0,0.0,0.0,,-1,6,0.0,250.0,False,False,False
1788784961.3544543,6.904293799998413,57379,6.938,0,False,359.7,-179.7,0.0,0.0,0.0,,-1,6,0.0,250.0,False,False,False
1788784961.374448,6.924081299999671,57400,6.959,0,False,359.7,-179.7,0.0,0.0,0.0,,-1,6,0.0,250.0,False,False,False
1788784961.394258,6.943656399998872,57420,6.979,0,False,359.7,-179.7,0.0,0.0,0.0,,-1,6,0.0,250.0,False,False,False
1788784961.4137268,6.964207399996667,57441,7.0,0,False,359.7,-179.7,0.0,0.0,0.0,,-1,6,0.0,250.0,False,False,False
1788784961.434466,6.984575799997401,57461,7.02,0,False,359.7,-179.7,0.0,0.0,0.0,,-1,6,0.0,250.0,False,False,False
1788784961.455505,7.005188299997826,57481,7.04,0,False,359.7,-179.7,0.0,0.0,0.0,,-1,6,0.0,250.0,False,False,False
1788784961.4753644,7.024889199998142,57502,7.061,0,False,359.7,-179.7,0.0,0.0,0.0,,-1,6,0.0,250.0,False,False,False
1788784961.4958746,7.046331899997313,57522,7.081,0,False,359.7,-179.7,0.0,0.0,0.0,,-1,6,0.0,250.0,False,False,False
1788784961.5159543,7.065768499996921,57543,7.102,0,False,359.7,-179.7,0.0,0.0,0.0,,-1,6,0.0,250.0,False,False,False
1788784961.5365307,7.086390499996924,57564,7.123,0,False,359.7,-179.7,0.0,0.0,0.0,,-1,6,0.0,250.0,False,False,False
1788784961.5567262,7.106747099998756,57584,7.143,0,False,359.7,-179.7,0.0,0.0,0.0,,-1,6,0.0,250.0,False,False,False
1788784961.5774345,7.127640499998961,57605,7.164,0,False,359.7,-179.7,0.0,0.0,0.0,,-1,6,0.0,250.0,False,False,False
1788784961.5975432,7.14753749999727,57625,7.184,0,False,359.7,-179.7,0.0,0.0,0.0,,-1,6,0.0,250.0,False,False,False
1788784961.6193435,7.169374799999787,57645,7.204,0,False,359.7,-179.7,0.0,0.0,0.0,,-1,6,0.0,250.0,False,False,False
1788784961.6381922,7.188097499998548,57666,7.225,0,False,359.7,-179.7,0.0,0.0,0.0,,-1,6,0.0,250.0,False,False,False
1788784961.6577933,7.2078992999995535,57686,7.245,0,False,359.7,-179.7,0.0,0.0,0.0,,-1,6,0.0,250.0,False,False,False
1788784961.6791565,7.22863309999957,57707,7.266,0,False,359.7,-179.7,0.0,0.0,0.0,,-1,6,0.0,250.0,False,False,False
1788784961.7002573,7.249693199999456,57728,7.287,0,False,359.7,-179.7,0.0,0.0,0.0,,-1,6,0.0,250.0,False,False,False
1788784961.7207654,7.270076499997231,57748,7.307,0,False,359.7,-179.7,0.0,0.0,0.0,,-1,6,0.0,250.0,False,False,False
1788784961.739482,7.289789199996449,57769,7.328,0,False,359.7,-179.7,0.0,0.0,0.0,,-1,6,0.0,250.0,False,False,False
1788784961.7607594,7.310259399997449,57789,7.348,0,False,359.7,-179.7,0.0,0.0,0.0,,-1,6,0.0,250.0,False,False,False
1788784961.7807918,7.330362699998659,57810,7.369,0,False,359.7,-179.7,0.0,0.0,0.0,,-1,6,0.0,250.0,False,False,False
1788784961.8009725,7.350583799998276,57830,7.389,0,False,359.7,-179.7,0.0,0.0,0.0,,-1,6,0.0,250.0,False,False,False
1788784961.8222835,7.371651699999347,57851,7.41,0,False,359.7,-179.7,0.0,0.0,0.0,,-1,6,0.0,250.0,False,False,False
1788784961.8425612,7.392258999996557,57871,7.43,0,False,359.7,-179.7,0.0,0.0,0.0,,-1,6,0.0,250.0,False,False,False
1788784961.863058,7.412399499997264,57892,7.451,0,False,359.7,-179.7,0.0,0.0,0.0,,-1,6,0.0,250.0,False,False,False
1788784961.8826363,7.432819699999527,57913,7.472,0,False,359.7,-179.7,0.0,0.0,0.0,,-1,6,0.0,250.0,False,False,False
1788784961.9043717,7.453934899996966,57933,7.492,0,False,359.7,-179.7,0.0,0.0,0.0,,-1,6,0.0,250.0,False,False,False
1788784961.924219,7.473824099997728,57954,7.513,0,False,359.7,-179.7,0.0,0.0,0.0,,-1,6,0.0,250.0,False,False,False
1788784961.943744,7.49346279999736,57974,7.533,0,False,359.7,-179.7,0.0,0.0,0.0,,-1,6,0.0,250.0,False,False,False
1788784961.9636986,7.513755399999354,57994,7.553,0,False,359.7,-179.7,0.0,0.0,0.0,,-1,6,0.0,250.0,False,False,False
1788784961.9840443,7.534001099997113,58015,7.574,0,False,359.7,-179.7,0.0,0.0,0.0,,-1,6,0.0,250.0,False,False,False
1788784962.0044162,7.554287899998599,58035,7.594,0,False,359.7,-179.7,0.0,0.0,0.0,,-1,6,0.0,250.0,False,False,False
1788784962.0257728,7.575426099996548,58056,7.615,0,False,359.7,-179.7,0.0,0.0,0.0,,-1,6,0.0,250.0,False,False,False
1788784962.0448365,7.594992899998033,58076,7.635,0,False,359.7,-179.7,0.0,0.0,0.0,,-1,6,0.0,250.0,False,False,False
1788784962.0660243,7.615442799997254,58097,7.656,0,False,359.7,-179.7,0.0,0.0,0.0,,-1,6,0.0,250.0,False,False,False
1788784962.0862834,7.636797499999375,58117,7.676,0,False,359.7,-179.7,0.0,0.0,0.0,,-1,6,0.0,250.0,False,False,False
1788784962.107512,7.656864999997197,58138,7.697,0,False,359.7,-179.7,0.0,0.0,0.0,,-1,6,0.0,250.0,False,False,False
1788784962.1266577,7.676340399997571,58158,7.717,0,False,359.7,-179.7,0.0,0.0,0.0,,-1,6,0.0,250.0,False,False,False
1788784962.146628,7.696692199999234,58179,7.738,0,False,359.7,-179.7,0.0,0.0,0.0,,-1,6,0.0,250.0,False,False,False
1788784962.1686428,7.71870239999771,58199,7.758,0,False,359.7,-179.7,0.0,0.0,0.0,,-1,6,0.0,250.0,False,False,False
1788784962.1878908,7.737829499998043,58220,7.779,0,False,359.7,-179.7,0.0,0.0,0.0,,-1,6,0.0,250.0,False,False,False
1788784962.2077498,7.757654699998966,58240,7.799,0,False,359.7,-179.7,0.0,0.0,0.0,,-1,6,0.0,250.0,False,False,False
1788784962.2286284,7.778612099999009,58261,7.82,0,False,359.7,-179.7,0.0,0.0,0.0,,-1,6,0.0,250.0,False,False,False
1788784962.2488556,7.798468799999682,58281,7.84,0,False,359.7,-179.7,0.0,0.0,0.0,,-1,6,0.0,250.0,False,False,False
1788784962.2702363,7.819649999997637,58301,7.86,0,False,359.7,-179.7,0.0,0.0,0.0,,-1,6,0.0,250.0,False,False,False
1788784962.2897048,7.839397999996436,58322,7.881,0,False,359.7,-179.7,0.0,0.0,0.0,,-1,6,0.0,250.0,False,False,False
1788784962.3098323,7.859492599996884,58343,7.902,0,False,359.7,-179.7,0.0,0.0,0.0,,-1,6,0.0,250.0,False,False,False
1788784962.3298573,7.8796272999970824,58363,7.922,0,False,359.7,-179.7,0.0,0.0,0.0,,-1,6,0.0,250.0,False,False,False
1788784962.3502953,7.8999993999968865,58383,7.942,0,False,359.7,-179.7,0.0,0.0,0.0,,-1,6,0.0,250.0,False,False,False
1788784962.3694932,7.92043779999949,58404,7.963,0,False,359.7,-179.7,0.0,0.0,0.0,,-1,6,0.0,250.0,False,False,False
1788784962.3908665,7.941102899996622,58425,7.984,0,False,359.7,-179.7,0.0,0.0,0.0,,-1,6,0.0,250.0,False,False,False
1788784962.4118772,7.961622699996951,58445,8.004,0,False,359.7,-179.7,0.0,0.0,0.0,,-1,6,0.0,250.0,False,False,False
1788784962.4318552,7.981920299997,58466,8.025,0,False,359.7,-179.7,0.0,0.0,0.0,,-1,6,0.0,250.0,False,False,False
1788784962.452195,8.002287799998157,58486,8.045,0,False,359.7,-179.7,0.0,0.0,0.0,,-1,6,0.0,250.0,False,False,False
1788784962.47219,8.022617699996772,58507,8.066,0,False,359.7,-179.7,0.0,0.0,0.0,,-1,6,0.0,250.0,False,False,False
1788784962.494196,8.044030299999577,58527,8.086,0,False,359.7,-179.7,0.0,0.0,0.0,,-1,6,0.0,250.0,False,False,False
1788784962.5133207,8.063287099997979,58548,8.107,0,False,359.7,-179.7,0.0,0.0,0.0,,-1,6,0.0,250.0,False,False,False
1788784962.53454,8.083883199997217,58568,8.127,0,False,359.7,-179.7,0.0,0.0,0.0,,-1,6,0.0,250.0,False,False,False
1788784962.5548341,8.104430699997465,58589,8.148,0,False,359.7,-179.7,0.0,0.0,0.0,,-1,6,0.0,250.0,False,False,False
1788784962.5739827,8.123855699999694,58609,8.168,0,False,359.7,-179.7,0.0,0.0,0.0,,-1,6,0.0,250.0,False,False,False
1788784962.594971,8.14449639999657,58630,8.189,0,False,359.7,-179.7,0.0,0.0,0.0,,-1,6,0.0,250.0,False,False,False
1788784962.61596,8.165436099996441,58650,8.209,0,False,359.7,-179.7,0.0,0.0,0.0,,-1,6,0.0,250.0,False,False,False
1788784962.6365137,8.186163599999418,58671,8.23,0,False,359.7,-179.7,0.0,0.0,0.0,,-1,6,0.0,250.0,False,False,False
1788784962.6555855,8.205639599997085,58691,8.25,0,False,359.7,-179.7,0.0,0.0,0.0,,-1,6,0.0,250.0,False,False,False
1788784962.6765645,8.226645099999587,58712,8.271,0,False,359.7,-179.7,0.0,0.0,0.0,,-1,6,0.0,250.0,False,False,False
1788784962.6982062,8.247630099998787,58733,8.292,0,False,359.7,-179.7,0.0,0.0,0.0,,-1,6,0.0,250.0,False,False,False
1788784962.7177327,8.267042299998138,58753,8.312,0,False,359.7,-179.7,0.0,0.0,0.0,,-1,6,0.0,250.0,False,False,False
1788784962.737811,8.287479699996766,58774,8.333,0,False,359.7,-179.7,0.0,0.0,0.0,,-1,6,0.0,250.0,False,False,False
1788784962.75792,8.307764899996982,58794,8.353,0,False,359.7,-179.7,0.0,0.0,0.0,,-1,6,0.0,250.0,False,False,False
1788784962.7774522,8.327613499997824,58815,8.374,0,False,359.7,-179.7,0.0,0.0,0.0,,-1,6,0.0,250.0,False,False,False
1788784962.798479,8.348165499999595,58835,8.394,0,False,359.7,-179.7,0.0,0.0,0.0,,-1,6,0.0,250.0,False,False,False
1788784962.8199162,8.369296699998813,58856,8.415,0,False,359.7,-179.7,0.0,0.0,0.0,,-1,6,0.0,250.0,False,False,False
1788784962.8387456,8.388735699998506,58876,8.435,0,False,359.7,-179.7,0.0,0.0,0.0,,-1,6,0.0,250.0,False,False,False
1788784962.858934,8.408881199997268,58896,8.455,0,False,359.7,-179.7,0.0,0.0,0.0,,-1,6,0.0,250.0,False,False,False
1788784962.8798988,8.430155399997602,58917,8.476,0,False,359.7,-179.7,0.0,0.0,0.0,,-1,6,0.0,250.0,False,False,False
1788784962.9013147,8.451152499997988,58937,8.496,0,False,359.7,-179.7,0.0,0.0,0.0,,-1,6,0.0,250.0,False,False,False
1788784962.9202862,8.470075599998381,58958,8.517,0,False,359.7,-179.7,0.0,0.0,0.0,,-1,6,0.0,250.0,False,False,False
1788784962.9409266,8.490687799996522,58979,8.538,0,False,359.7,-179.7,0.0,0.0,0.0,,-1,6,0.0,250.0,False,False,False
1788784962.9615655,8.511119599999802,58999,8.558,0,False,359.7,-179.7,0.0,0.0,0.0,,-1,6,0.0,250.0,False,False,False
1788784962.9821997,8.531546599999274,59020,8.579,0,False,359.7,-179.7,0.0,0.0,0.0,,-1,6,0.0,250.0,False,False,False
1788784963.0019338,8.551759899997705,59040,8.599,0,False,359.7,-179.7,0.0,0.0,0.0,,-1,6,0.0,250.0,False,False,False
1788784963.0225153,8.57281249999869,59061,8.62,0,False,359.7,-179.7,0.0,0.0,0.0,,-1,6,0.0,250.0,False,False,False
1788784963.0424612,8.592380699999921,59081,8.64,0,False,359.7,-179.7,0.0,0.0,0.0,,-1,6,0.0,250.0,False,False,False
1788784963.062998,8.612661299997853,59102,8.661,0,False,359.7,-179.7,0.0,0.0,0.0,,-1,6,0.0,250.0,False,False,False
1788784963.0839221,8.633663099997648,59123,8.682,0,False,359.7,-179.7,0.0,0.0,0.0,,-1,6,0.0,250.0,False,False,False
1788784963.1036398,8.653443999999581,59143,8.702,0,False,359.7,-179.7,0.0,0.0,0.0,,-1,6,0.0,250.0,False,False,False
1788784963.123752,8.673543099997914,59163,8.722,0,False,359.7,-179.7,0.0,0.0,0.0,,-1,6,0.0,250.0,False,False,False
1788784963.1441653,8.694225599996571,59184,8.743,0,False,359.7,-179.7,0.0,0.0,0.0,,-1,6,0.0,250.0,False,False,False
1788784963.1646204,8.714425799997116,59204,8.763,0,False,359.7,-179.7,0.0,0.0,0.0,,-1,6,0.0,250.0,False,False,False
1788784963.1860893,8.735418599997502,59225,8.784,0,False,359.7,-179.7,0.0,0.0,0.0,,-1,6,0.0,250.0,False,False,False
1788784963.2057376,8.755357099998946,59246,8.805,0,False,359.7,-179.7,0.0,0.0,0.0,,-1,6,0.0,250.0,False,False,False
1788784963.2265177,8.776523499996983,59266,8.825,0,False,359.7,-179.7,0.0,0.0,0.0,,-1,6,0.0,250.0,False,False,False
1788784963.2465265,8.796373299999686,59286,8.845,0,False,359.7,-179.7,0.0,0.0,0.0,,-1,6,0.0,250.0,False,False,False
1788784963.267443,8.817181399997935,59307,8.866,0,False,359.7,-179.7,0.0,0.0,0.0,,-1,6,0.0,250.0,False,False,False
1788784963.2875085,8.836968399999023,59327,8.886,0,False,359.7,-179.7,0.0,0.0,0.0,,-1,6,0.0,250.0,False,False,False
1788784963.305583,8.856753199997911,59348,8.907,0,False,359.7,-179.7,0.0,0.0,0.0,,-1,6,0.0,250.0,False,False,False
1788784963.327453,8.877618899998197,59369,8.928,0,False,359.7,-179.7,0.0,0.0,0.0,,-1,6,0.0,250.0,False,False,False
1788784963.3485143,8.898516599998402,59389,8.948,0,False,359.7,-179.7,0.0,0.0,0.0,,-1,6,0.0,250.0,False,False,False
1788784963.3691711,8.918767499999376,59410,8.969,0,False,359.7,-179.7,0.0,0.0,0.0,,-1,6,0.0,250.0,False,False,False
1788784963.3892365,8.938624599999457,59430,8.989,0,False,359.7,-179.7,0.0,0.0,0.0,,-1,6,0.0,250.0,False,False,False
1788784963.4096787,8.959437399997114,59451,9.01,0,False,359.7,-179.7,0.0,0.0,0.0,,-1,6,0.0,250.0,False,False,False
1788784963.43008,8.979499999997643,59471,9.03,0,False,359.7,-179.7,0.0,0.0,0.0,,-1,6,0.0,250.0,False,False,False
1788784963.4503424,8.999658799999452,59492,9.051,0,False,359.7,-179.7,0.0,0.0,0.0,,-1,6,0.0,250.0,False,False,False
1788784963.4703114,9.020555499999318,59513,9.072,0,False,359.7,-179.7,0.0,0.0,0.0,,-1,6,0.0,250.0,False,False,False
1788784963.4911501,9.041160399996443,59533,9.092,0,False,359.7,-179.7,0.0,0.0,0.0,,-1,6,0.0,250.0,False,False,False
1788784963.511346,9.060883599999215,59554,9.113,0,False,359.7,-179.7,0.0,0.0,0.0,,-1,6,0.0,250.0,False,False,False
1788784963.5324414,9.082119699996838,59574,9.133,0,False,359.7,-179.7,0.0,0.0,0.0,,-1,6,0.0,250.0,False,False,False
1788784963.552872,9.102648599997337,59595,9.154,0,False,359.7,-179.7,0.0,0.0,0.0,,-1,6,0.0,250.0,False,False,False
1788784963.572147,9.122079299999314,59615,9.174,0,False,359.7,-179.7,0.0,0.0,0.0,,-1,6,0.0,250.0,False,False,False
1788784963.5929925,9.142587699996511,59636,9.195,0,False,359.7,-179.7,0.0,0.0,0.0,,-1,6,0.0,250.0,False,False,False
1788784963.6136873,9.163718499999959,59656,9.215,0,False,359.7,-179.7,0.0,0.0,0.0,,-1,6,0.0,250.0,False,False,False
1788784963.6343663,9.1842751999975,59677,9.236,0,False,359.7,-179.7,0.0,0.0,0.0,,-1,6,0.0,250.0,False,False,False
1788784963.6554112,9.20470690000002,59698,9.257,0,False,359.7,-179.7,0.0,0.0,0.0,,-1,6,0.0,250.0,False,False,False
1788784963.6758945,9.225479499997164,59719,9.278,0,False,359.7,-179.7,0.0,0.0,0.0,,-1,6,0.0,250.0,False,False,False
1788784963.6950376,9.244487299998582,59739,9.298,0,False,359.7,-179.7,0.0,0.0,0.0,,-1,6,0.0,250.0,False,False,False
1788784963.714804,9.264656399998785,59759,9.318,0,False,359.7,-179.7,0.0,0.0,0.0,,-1,6,0.0,250.0,False,False,False
1788784963.7356071,9.285222899998189,59780,9.339,0,False,359.7,-179.7,0.0,0.0,0.0,,-1,6,0.0,250.0,False,False,False
1788784963.7554905,9.305450999996538,59800,9.359,0,False,359.7,-179.7,0.0,0.0,0.0,,-1,6,0.0,250.0,False,False,False
1788784963.7756724,9.325671199996577,59821,9.38,0,False,359.7,-179.7,0.0,0.0,0.0,,-1,6,0.0,250.0,False,False,False
1788784963.796698,9.346149199998763,59841,9.4,0,False,359.7,-179.7,0.0,0.0,0.0,,-1,6,0.0,250.0,False,False,False
1788784963.8176334,9.367182799996954,59862,9.421,0,False,359.7,-179.7,0.0,0.0,0.0,,-1,6,0.0,250.0,False,False,False
1788784963.837729,9.387140999999247,59883,9.442,0,False,359.7,-179.7,0.0,0.0,0.0,,-1,6,0.0,250.0,False,False,False
1788784963.858506,9.407827899998665,59903,9.462,0,False,359.7,-179.7,0.0,0.0,0.0,,-1,6,0.0,250.0,False,False,False
1788784963.8788881,9.428836899998714,59924,9.483,0,False,359.7,-179.7,0.0,0.0,0.0,,-1,6,0.0,250.0,False,False,False
1788784963.8998334,9.449552899997798,59945,9.504,0,False,359.7,-179.7,0.0,0.0,0.0,,-1,6,0.0,250.0,False,False,False
1788784963.9218147,9.471158199998172,59966,9.525,0,False,359.7,-179.7,0.0,0.0,0.0,,-1,6,0.0,250.0,False,False,False
1788784963.9409614,9.490410799997335,59986,9.545,0,False,359.7,-179.7,0.0,0.0,0.0,,-1,6,0.0,250.0,False,False,False
1788784963.9600356,9.509920699998474,60007,9.566,0,False,359.7,-179.7,0.0,0.0,0.0,,-1,6,0.0,250.0,False,False,False
1788784963.9808805,9.530710499999259,60027,9.586,0,False,359.7,-179.7,0.0,0.0,0.0,,-1,6,0.0,250.0,False,False,False
1788784964.0011504,9.551075199997285,60048,9.607,0,False,359.7,-179.7,0.0,0.0,0.0,,-1,6,0.0,250.0,False,False,False
1788784964.0220132,9.571585799996683,60068,9.627,0,False,359.7,-179.7,0.0,0.0,0.0,,-1,6,0.0,250.0,False,False,False
1788784964.0420935,9.591685499999585,60089,9.648,0,False,359.7,-179.7,0.0,0.0,0.0,,-1,6,0.0,250.0,False,False,False
1788784964.0637043,9.613269099998433,60110,9.669,0,False,359.7,-179.7,0.0,0.0,0.0,,-1,6,0.0,250.0,False,False,False
1788784964.0834453,9.633125999996992,60130,9.689,0,False,359.7,-179.7,0.0,0.0,0.0,,-1,6,0.0,250.0,False,False,False
1788784964.1031148,9.653297899996687,60151,9.71,0,False,359.7,-179.7,0.0,0.0,0.0,,-1,6,0.0,250.0,False,False,False
1788784964.1238697,9.673874899999646,60171,9.73,0,False,359.7,-179.7,0.0,0.0,0.0,,-1,6,0.0,250.0,False,False,False
1788784964.1435716,9.693706099998963,60192,9.751,0,False,359.7,-179.7,0.0,0.0,0.0,,-1,6,0.0,250.0,False,False,False
1788784964.1649563,9.714497499997378,60213,9.772,0,False,359.7,-179.7,0.0,0.0,0.0,,-1,6,0.0,250.0,False,False,False
1788784964.1858885,9.73600389999774,60233,9.792,0,False,359.7,-179.7,0.0,0.0,0.0,,-1,6,0.0,250.0,False,False,False
1788784964.2059693,9.755366399997001,60254,9.813,0,False,359.7,-179.7,0.0,0.0,0.0,,-1,6,0.0,250.0,False,False,False
1788784964.2264955,9.775919599996996,60275,9.834,0,False,359.7,-179.7,0.0,0.0,0.0,,-1,6,0.0,250.0,False,False,False
1788784964.2463918,9.796380799998587,60295,9.854,0,False,359.7,-179.7,0.0,0.0,0.0,,-1,6,0.0,250.0,False,False,False
1788784964.2677174,9.817052599999442,60316,9.875,0,False,359.7,-179.7,0.0,0.0,0.0,,-1,6,0.0,250.0,False,False,False
1788784964.2888536,9.838454899996577,60336,9.895,0,False,359.7,-179.7,0.0,0.0,0.0,,-1,6,0.0,250.0,False,False,False
1788784964.3075042,9.857573299999785,60356,9.915,0,False,359.7,-179.7,0.0,0.0,0.0,,-1,6,0.0,250.0,False,False,False
